instant,date,season,year,month,holiday,weekday,workingday,weather,temperature_in_celcius,felt_temperature_in_celcius,humidity,windspeed,casual,registered,rental_count
1,2011-01-01,Spring,2011,Jan,No,Sat,No,Cloudy,14.110847,18.18125,80.58330000000001,10.749882,331,654,985
2,2011-01-02,Spring,2011,Jan,No,Sun,No,Cloudy,14.902598000000001,17.686950000000003,69.6087,16.652113,131,670,801
3,2011-01-03,Spring,2011,Jan,No,Mon,Yes,Clear,8.050924,9.47025,43.7273,16.636703,120,1229,1349
4,2011-01-04,Spring,2011,Jan,No,Tue,Yes,Clear,8.200000000000001,10.6061,59.0435,10.739832,108,1454,1562
5,2011-01-05,Spring,2011,Jan,No,Wed,Yes,Clear,9.305237,11.4635,43.695699999999995,12.522300000000001,82,1518,1600
6,2011-01-06,Spring,2011,Jan,No,Thu,Yes,Clear,8.378268,11.66045,51.8261,6.0008684,88,1518,1606
7,2011-01-07,Spring,2011,Jan,No,Fri,Yes,Cloudy,8.057402,10.44195,49.8696,11.304642,148,1362,1510
8,2011-01-08,Spring,2011,Jan,No,Sat,No,Cloudy,6.765000000000001,8.1127,53.5833,17.875868,68,891,959
9,2011-01-09,Spring,2011,Jan,No,Sun,No,Clear,5.671653,5.80875,43.416700000000006,24.25065,54,768,822
10,2011-01-10,Spring,2011,Jan,No,Mon,Yes,Clear,6.184153,7.5443999999999996,48.2917,14.958889,41,1280,1321
11,2011-01-11,Spring,2011,Jan,No,Tue,Yes,Cloudy,6.9327309999999995,9.5732,68.6364,8.182844000000001,43,1220,1263
12,2011-01-12,Spring,2011,Jan,No,Wed,Yes,Clear,7.0818069999999995,8.02365,59.954499999999996,20.410009,25,1137,1162
13,2011-01-13,Spring,2011,Jan,No,Thu,Yes,Clear,6.765000000000001,7.544149999999999,47.0417,20.166999999999998,38,1368,1406
14,2011-01-14,Spring,2011,Jan,No,Fri,Yes,Clear,6.59567,9.42065,53.7826,8.478716,54,1367,1421
15,2011-01-15,Spring,2011,Jan,No,Sat,No,Cloudy,9.566653,12.4056,49.875,10.583521,222,1026,1248
16,2011-01-16,Spring,2011,Jan,No,Sun,No,Clear,9.498347,11.71085,48.375,12.625010999999999,251,953,1204
17,2011-01-17,Spring,2011,Jan,Yes,Mon,No,Cloudy,7.209153,8.838550000000001,53.75,12.999139,117,883,1000
18,2011-01-18,Spring,2011,Jan,No,Tue,Yes,Cloudy,8.883347,11.61665,86.16669999999999,9.833924999999999,9,674,683
19,2011-01-19,Spring,2011,Jan,No,Wed,Yes,Cloudy,11.979134,14.921100000000001,74.1739,13.957239,78,1572,1650
20,2011-01-20,Spring,2011,Jan,No,Thu,Yes,Cloudy,10.728347,12.7525,53.833299999999994,13.125568,83,1844,1927
21,2011-01-21,Spring,2011,Jan,No,Fri,Yes,Clear,7.2775,7.89165,45.7083,23.667214,75,1468,1543
22,2011-01-22,Spring,2011,Jan,No,Sat,No,Clear,2.4243464,3.9534800000000003,40.0,11.52199,93,888,981
23,2011-01-23,Spring,2011,Jan,No,Sun,No,Clear,3.9573897000000002,4.941955,43.6522,16.5222,150,836,986
24,2011-01-24,Spring,2011,Jan,No,Mon,Yes,Clear,3.9930433,5.8965,49.173899999999996,10.60811,86,1330,1416
25,2011-01-25,Spring,2011,Jan,No,Tue,Yes,Cloudy,9.162598000000001,11.7263,61.695699999999995,8.696332,186,1799,1985
26,2011-01-26,Spring,2011,Jan,No,Wed,Yes,Light_rain,8.9175,10.18,86.25,19.68795,34,472,506
27,2011-01-27,Spring,2011,Jan,No,Thu,Yes,Clear,7.995,10.985,68.75,7.627078999999999,15,416,431
28,2011-01-28,Spring,2011,Jan,No,Fri,Yes,Cloudy,8.342597999999999,11.165849999999999,79.30430000000001,8.2611,38,1129,1167
29,2011-01-29,Spring,2011,Jan,No,Sat,No,Clear,8.057402,10.606300000000001,65.17389999999999,9.739455,123,975,1098
30,2011-01-30,Spring,2011,Jan,No,Sun,No,Clear,8.877402,12.5161,72.2174,4.956834199999999,140,956,1096
31,2011-01-31,Spring,2011,Jan,No,Mon,Yes,Cloudy,7.414153,9.3125,60.375,12.541864,42,1459,1501
32,2011-02-01,Spring,2011,Feb,No,Tue,Yes,Cloudy,7.8791340000000005,11.7265,82.9565,3.565271,47,1313,1360
33,2011-02-02,Spring,2011,Feb,No,Wed,Yes,Cloudy,10.66,12.72085,77.5417,17.708636,72,1454,1526
34,2011-02-03,Spring,2011,Feb,No,Thu,Yes,Clear,7.665237,8.8939,43.7826,18.609384,61,1489,1550
35,2011-02-04,Spring,2011,Feb,No,Fri,Yes,Cloudy,8.663464,11.429350000000001,58.521699999999996,8.565213,88,1620,1708
36,2011-02-05,Spring,2011,Feb,No,Sat,No,Cloudy,9.566653,12.152899999999999,92.91669999999999,10.792293,100,905,1005
37,2011-02-06,Spring,2011,Feb,No,Sun,No,Clear,11.719153,14.58355,56.833299999999994,9.5006,354,1269,1623
38,2011-02-07,Spring,2011,Feb,No,Mon,Yes,Clear,11.138347,15.1829,73.83330000000001,3.0423561,120,1592,1712
39,2011-02-08,Spring,2011,Feb,No,Tue,Yes,Clear,9.054153,9.9123,53.7917,24.25065,64,1466,1530
40,2011-02-09,Spring,2011,Feb,No,Wed,Yes,Cloudy,5.526102999999999,7.21415,49.4783,12.652213,53,1552,1605
41,2011-02-10,Spring,2011,Feb,No,Thu,Yes,Clear,5.918268,7.477399999999999,43.7391,14.869645,47,1491,1538
42,2011-02-11,Spring,2011,Feb,No,Fri,Yes,Clear,7.752731000000001,10.67545,50.6364,7.272849999999999,149,1597,1746
43,2011-02-12,Spring,2011,Feb,No,Sat,No,Clear,9.1225,11.6477,54.4167,13.625589,288,1184,1472
44,2011-02-13,Spring,2011,Feb,No,Sun,No,Clear,12.977402000000001,16.20565,45.7391,17.479160999999998,397,1192,1589
45,2011-02-14,Spring,2011,Feb,No,Mon,Yes,Clear,17.015,19.9175,37.583299999999994,27.999836,208,1705,1913
46,2011-02-15,Spring,2011,Feb,No,Tue,Yes,Clear,10.909567000000001,12.7137,31.434800000000003,19.522058,140,1675,1815
47,2011-02-16,Spring,2011,Feb,No,Wed,Yes,Clear,13.048701000000001,15.809999999999999,42.3478,16.869996999999998,218,1897,2115
48,2011-02-17,Spring,2011,Feb,No,Thu,Yes,Clear,17.869153,21.4329,50.5,15.416968,259,2216,2475
49,2011-02-18,Spring,2011,Feb,No,Fri,Yes,Clear,21.388347,25.599149999999998,51.6667,17.749975000000003,579,2348,2927
50,2011-02-19,Spring,2011,Feb,No,Sat,No,Clear,16.365847,19.5702,18.7917,34.000021,532,1103,1635
51,2011-02-20,Spring,2011,Feb,No,Sun,No,Clear,11.693897,13.8665,40.7826,14.956745,639,1173,1812
52,2011-02-21,Spring,2011,Feb,Yes,Mon,No,Cloudy,12.436653000000002,14.203750000000001,60.5,20.625682,195,912,1107
53,2011-02-22,Spring,2011,Feb,No,Tue,Yes,Clear,7.471102,9.30165,57.7778,13.110761,74,1376,1450
54,2011-02-23,Spring,2011,Feb,No,Wed,Yes,Clear,9.091299,12.28585,42.3043,6.3055710000000005,139,1778,1917
55,2011-02-24,Spring,2011,Feb,No,Thu,Yes,Cloudy,12.121732000000002,14.459549999999998,69.7391,16.783231999999998,100,1707,1807
56,2011-02-25,Spring,2011,Feb,No,Fri,Yes,Cloudy,14.938268,17.52305,71.2174,23.218113,120,1341,1461
57,2011-02-26,Spring,2011,Feb,No,Sat,No,Clear,11.5825,14.1096,53.7917,12.500257,424,1545,1969
58,2011-02-27,Spring,2011,Feb,No,Sun,No,Clear,14.082598,17.55545,68.0,8.391615999999999,694,1708,2402
59,2011-02-28,Spring,2011,Feb,No,Mon,Yes,Cloudy,16.698193,20.005899999999997,87.63640000000001,19.408962,81,1365,1446
60,2011-03-01,Spring,2011,Mar,No,Tue,Yes,Clear,10.933347,13.19395,53.5,14.500475,137,1714,1851
61,2011-03-02,Spring,2011,Mar,No,Wed,Yes,Clear,13.735000000000001,16.00355,44.9583,20.624811,231,1903,2134
62,2011-03-03,Spring,2011,Mar,No,Thu,Yes,Clear,8.131653,10.00665,31.833299999999998,15.125518000000001,123,1562,1685
63,2011-03-04,Spring,2011,Mar,No,Fri,Yes,Cloudy,10.728347,12.783949999999999,61.0417,13.624182,214,1730,1944
64,2011-03-05,Spring,2011,Mar,No,Sat,No,Cloudy,15.750846999999998,18.93895,78.91669999999999,16.875357,640,1437,2077
65,2011-03-06,Spring,2011,Mar,No,Sun,No,Cloudy,15.437402,18.3126,94.8261,23.000229,114,491,605
66,2011-03-07,Spring,2011,Mar,No,Mon,Yes,Clear,10.731299,11.92305,55.1304,22.870584,244,1628,1872
67,2011-03-08,Spring,2011,Mar,No,Tue,Yes,Clear,11.9925,15.120000000000001,42.0833,8.083549999999999,316,1817,2133
68,2011-03-09,Spring,2011,Mar,No,Wed,Yes,Cloudy,12.129153,14.3304,77.5417,14.750050000000002,191,1700,1891
69,2011-03-10,Spring,2011,Mar,No,Thu,Yes,Light_rain,15.952731,19.2834,0.0,17.545759,46,577,623
70,2011-03-11,Spring,2011,Mar,No,Fri,Yes,Cloudy,12.977402000000001,15.25,64.95649999999999,15.60899,247,1730,1977
71,2011-03-12,Spring,2011,Mar,No,Sat,No,Clear,13.495847,16.287499999999998,59.458299999999994,14.791924999999999,724,1408,2132
72,2011-03-13,Spring,2011,Mar,No,Sun,No,Clear,15.758268000000001,19.004550000000002,52.73910000000001,18.130468,982,1435,2417
73,2011-03-14,Spring,2011,Mar,No,Mon,Yes,Clear,13.333896999999999,16.6,49.695699999999995,9.174042,359,1687,2046
74,2011-03-15,Spring,2011,Mar,No,Tue,Yes,Cloudy,13.013031,15.908900000000001,65.5652,12.348703,289,1767,2056
75,2011-03-16,Spring,2011,Mar,No,Wed,Yes,Cloudy,14.973897000000001,18.3465,77.65220000000001,13.608839,321,1871,2192
76,2011-03-17,Spring,2011,Mar,No,Thu,Yes,Clear,17.015,20.51665,60.291700000000006,14.041792999999998,424,2320,2744
77,2011-03-18,Spring,2011,Mar,No,Fri,Yes,Clear,22.14,26.35045,52.5217,15.478139,884,2355,3239
78,2011-03-19,Spring,2011,Mar,No,Sat,No,Clear,19.3725,23.32625,37.9167,24.667189,1424,1693,3117
79,2011-03-20,Spring,2011,Mar,No,Sun,No,Clear,13.6325,16.287499999999998,47.375,13.917307,1047,1424,2471
80,2011-03-21,Summer,2011,Mar,No,Mon,Yes,Cloudy,17.647835,20.48675,73.73910000000001,19.348461,401,1676,2077
81,2011-03-22,Summer,2011,Mar,No,Tue,Yes,Clear,18.108347,22.0321,62.4583,15.125250000000001,460,2243,2703
82,2011-03-23,Summer,2011,Mar,No,Wed,Yes,Cloudy,14.225237,16.89695,83.9565,15.695487,203,1918,2121
83,2011-03-24,Summer,2011,Mar,No,Thu,Yes,Cloudy,11.684999999999999,13.541649999999999,80.58330000000001,16.333729,166,1699,1865
84,2011-03-25,Summer,2011,Mar,No,Fri,Yes,Clear,10.830846999999999,12.8156,49.5,15.458575000000002,300,1910,2210
85,2011-03-26,Summer,2011,Mar,No,Sat,No,Clear,10.899153,12.87855,39.4167,14.041257,981,1515,2496
86,2011-03-27,Summer,2011,Mar,No,Sun,No,Cloudy,10.374763000000002,12.51695,49.3913,12.348099999999999,472,1221,1693
87,2011-03-28,Summer,2011,Mar,No,Mon,Yes,Clear,10.838268000000001,12.878700000000002,30.2174,14.217668,222,1806,2028
88,2011-03-29,Summer,2011,Mar,No,Tue,Yes,Clear,12.4025,14.6454,31.4167,15.208732,317,2108,2425
89,2011-03-30,Summer,2011,Mar,No,Wed,Yes,Cloudy,12.299999999999999,14.8675,64.6667,11.583495999999998,168,1368,1536
90,2011-03-31,Summer,2011,Mar,No,Thu,Yes,Light_rain,11.001653,12.87875,91.8333,14.582282000000001,179,1506,1685
91,2011-04-01,Summer,2011,Apr,No,Fri,Yes,Cloudy,12.299999999999999,14.172699999999999,68.625,17.333436,307,1920,2227
92,2011-04-02,Summer,2011,Apr,No,Sat,No,Cloudy,12.915000000000001,15.78185,65.375,13.208782,898,1354,2252
93,2011-04-03,Summer,2011,Apr,No,Sun,No,Clear,15.511652999999999,18.93835,48.0,12.208271000000002,1651,1598,3249
94,2011-04-04,Summer,2011,Apr,No,Mon,Yes,Clear,23.506653,27.14645,42.625,25.833257,734,2381,3115
95,2011-04-05,Summer,2011,Apr,No,Tue,Yes,Cloudy,16.980847,19.9175,64.2083,26.000488999999998,167,1628,1795
96,2011-04-06,Summer,2011,Apr,No,Wed,Yes,Clear,16.024153,19.3804,47.0833,17.625221,413,2395,2808
97,2011-04-07,Summer,2011,Apr,No,Thu,Yes,Clear,17.9375,21.684800000000003,60.291700000000006,10.874904,571,2570,3141
98,2011-04-08,Summer,2011,Apr,No,Fri,Yes,Cloudy,13.769153,16.223950000000002,83.625,15.208464,172,1299,1471
99,2011-04-09,Summer,2011,Apr,No,Sat,No,Cloudy,14.0425,17.07645,87.75,8.916561,879,1576,2455
100,2011-04-10,Summer,2011,Apr,No,Sun,No,Cloudy,17.493347,21.33685,85.75,9.833389,1188,1707,2895
101,2011-04-11,Summer,2011,Apr,No,Mon,Yes,Cloudy,24.421732,28.260849999999998,71.6956,21.739758,855,2493,3348
102,2011-04-12,Summer,2011,Apr,No,Tue,Yes,Cloudy,20.6025,24.6527,73.9167,18.416892999999998,257,1777,2034
103,2011-04-13,Summer,2011,Apr,No,Wed,Yes,Cloudy,16.912499999999998,20.864150000000002,81.91669999999999,16.791338999999997,209,1953,2162
104,2011-04-14,Summer,2011,Apr,No,Thu,Yes,Clear,19.1675,23.1371,54.041700000000006,7.4169,529,2738,3267
105,2011-04-15,Summer,2011,Apr,Yes,Fri,No,Clear,18.313347,22.09565,67.125,15.167124999999999,642,2484,3126
106,2011-04-16,Summer,2011,Apr,No,Sat,No,Light_rain,17.664153000000002,21.2746,88.83330000000001,22.834136,121,674,795
107,2011-04-17,Summer,2011,Apr,No,Sun,No,Clear,18.723347,22.2848,47.9583,20.334232,1558,2186,3744
108,2011-04-18,Summer,2011,Apr,No,Mon,Yes,Clear,21.0125,25.1573,54.25,10.958988999999999,669,2760,3429
109,2011-04-19,Summer,2011,Apr,No,Tue,Yes,Cloudy,20.739152999999998,24.4629,66.5833,10.584057,409,2795,3204
110,2011-04-20,Summer,2011,Apr,No,Wed,Yes,Clear,24.395,28.2196,61.4167,16.208975,613,3331,3944
111,2011-04-21,Summer,2011,Apr,No,Thu,Yes,Clear,18.825847,22.6946,40.708299999999994,21.792286,745,3444,4189
112,2011-04-22,Summer,2011,Apr,No,Fri,Yes,Cloudy,13.803347,16.0977,72.9583,14.707906999999999,177,1506,1683
113,2011-04-23,Summer,2011,Apr,No,Sat,No,Cloudy,18.86,22.50605,88.79169999999999,15.458575000000002,1462,2574,4036
114,2011-04-24,Summer,2011,Apr,No,Sun,No,Cloudy,23.848347,27.58815,81.08330000000001,12.875725000000001,1710,2481,4191
115,2011-04-25,Summer,2011,Apr,No,Mon,Yes,Clear,24.873347,28.725,77.6667,12.417311,773,3300,4073
116,2011-04-26,Summer,2011,Apr,No,Tue,Yes,Clear,25.898346999999998,29.704150000000002,72.9167,21.875500000000002,678,3722,4400
117,2011-04-27,Summer,2011,Apr,No,Wed,Yes,Cloudy,25.419999999999998,28.7571,83.54169999999999,20.917399999999997,547,3325,3872
118,2011-04-28,Summer,2011,Apr,No,Thu,Yes,Cloudy,25.317500000000003,28.946450000000002,70.08330000000001,21.500836000000003,569,3489,4058
119,2011-04-29,Summer,2011,Apr,No,Fri,Yes,Clear,20.91,24.87315,45.7083,16.084221,878,3717,4595
120,2011-04-30,Summer,2011,Apr,No,Sat,No,Clear,19.3725,23.201050000000002,50.3333,15.750025,1965,3347,5312
121,2011-05-01,Summer,2011,May,No,Sun,No,Cloudy,18.518347,22.4102,76.2083,7.125718,1138,2213,3351
122,2011-05-02,Summer,2011,May,No,Mon,Yes,Cloudy,22.515846999999997,26.64165,73.0,12.291418,847,3554,4401
123,2011-05-03,Summer,2011,May,No,Tue,Yes,Cloudy,25.283347,29.10395,69.7083,22.958689,603,3848,4451
124,2011-05-04,Summer,2011,May,No,Wed,Yes,Cloudy,16.980847,20.2325,73.70830000000001,22.042732,255,2378,2633
125,2011-05-05,Summer,2011,May,No,Thu,Yes,Clear,18.825847,22.09585,44.4167,19.791263999999998,614,3819,4433
126,2011-05-06,Summer,2011,May,No,Fri,Yes,Clear,19.645847,23.70585,59.0,15.292482,894,3714,4608
127,2011-05-07,Summer,2011,May,No,Sat,No,Clear,21.32,25.63105,54.125,10.750150000000001,1612,3102,4714
128,2011-05-08,Summer,2011,May,No,Sun,No,Clear,21.661653,25.946649999999998,63.1667,5.0007125,1401,2932,4333
129,2011-05-09,Summer,2011,May,No,Mon,Yes,Clear,21.8325,26.2623,58.875,11.792,664,3698,4362
130,2011-05-10,Summer,2011,May,No,Tue,Yes,Clear,21.8325,26.13605,48.9167,7.749956999999999,694,4109,4803
131,2011-05-11,Summer,2011,May,No,Wed,Yes,Clear,22.2425,26.419999999999998,63.29169999999999,8.083014,550,3632,4182
132,2011-05-12,Summer,2011,May,No,Thu,Yes,Clear,21.935000000000002,26.16815,74.75,12.707689,695,4169,4864
133,2011-05-13,Summer,2011,May,No,Fri,Yes,Cloudy,21.0125,24.715,86.33330000000001,12.041575,692,3413,4105
134,2011-05-14,Summer,2011,May,No,Sat,No,Cloudy,21.354153,25.03145,92.25,9.041649999999999,902,2507,3409
135,2011-05-15,Summer,2011,May,No,Sun,No,Cloudy,23.0625,26.8,86.70830000000001,10.249593,1582,2971,4553
136,2011-05-16,Summer,2011,May,No,Mon,Yes,Clear,23.677500000000002,27.5256,78.79169999999999,8.500357000000001,773,3185,3958
137,2011-05-17,Summer,2011,May,No,Tue,Yes,Cloudy,23.028347,26.926450000000003,83.7917,18.582718,678,3445,4123
138,2011-05-18,Summer,2011,May,No,Wed,Yes,Cloudy,22.55,26.3579,87.0,13.499964,536,3319,3855
139,2011-05-19,Summer,2011,May,No,Thu,Yes,Cloudy,21.764153,25.537100000000002,82.9583,7.250271000000001,735,3840,4575
140,2011-05-20,Summer,2011,May,No,Fri,Yes,Clear,22.003347,26.4521,71.9583,8.375871,909,4008,4917
141,2011-05-21,Summer,2011,May,No,Sat,No,Clear,24.7025,28.59875,62.6667,8.083549999999999,2258,3547,5805
142,2011-05-22,Summer,2011,May,No,Sun,No,Clear,24.770847,28.725,74.9583,9.916536,1576,3084,4660
143,2011-05-23,Summer,2011,May,No,Mon,Yes,Cloudy,25.898346999999998,29.5148,81.0,15.667413999999999,836,3438,4274
144,2011-05-24,Summer,2011,May,No,Tue,Yes,Cloudy,27.060000000000002,30.240650000000002,74.0833,13.875164,659,3833,4492
145,2011-05-25,Summer,2011,May,No,Wed,Yes,Clear,27.094153,30.7771,69.625,10.333611000000001,740,4238,4978
146,2011-05-26,Summer,2011,May,No,Thu,Yes,Clear,29.041653,32.7344,67.75,13.376014,758,3919,4677
147,2011-05-27,Summer,2011,May,No,Fri,Yes,Clear,27.948347000000002,31.8504,65.375,16.125493,871,3808,4679
148,2011-05-28,Summer,2011,May,No,Sat,No,Clear,26.889153,30.61895,72.9583,15.416164,2001,2757,4758
149,2011-05-29,Summer,2011,May,No,Sun,No,Clear,27.3675,30.777500000000003,81.875,14.333846,2355,2433,4788
150,2011-05-30,Summer,2011,May,Yes,Mon,No,Clear,30.066653000000002,33.5546,68.5,8.792075,1549,2549,4098
151,2011-05-31,Summer,2011,May,No,Tue,Yes,Clear,31.775000000000002,36.26915,63.6667,7.459042999999999,673,3309,3982
152,2011-06-01,Summer,2011,Jun,No,Wed,Yes,Cloudy,31.330847000000002,36.04835,67.7083,13.875164,513,3461,3974
153,2011-06-02,Summer,2011,Jun,No,Thu,Yes,Clear,29.314999999999998,32.1971,30.5,19.583229000000003,736,4232,4968
154,2011-06-03,Summer,2011,Jun,No,Fri,Yes,Clear,25.419999999999998,29.356650000000002,35.4167,16.959107,898,4414,5312
155,2011-06-04,Summer,2011,Jun,No,Sat,No,Clear,26.035,29.7348,45.625,8.250514,1869,3473,5342
156,2011-06-05,Summer,2011,Jun,No,Sun,No,Cloudy,26.581653000000003,30.8402,65.25,9.292364000000001,1685,3221,4906
157,2011-06-06,Summer,2011,Jun,No,Mon,Yes,Clear,27.811653,31.0929,60.0,8.167032,673,3875,4548
158,2011-06-07,Summer,2011,Jun,No,Tue,Yes,Clear,29.0075,32.7975,59.791700000000006,12.583136,763,4070,4833
159,2011-06-08,Summer,2011,Jun,No,Wed,Yes,Clear,31.809153,36.36395,62.20830000000001,9.166739,676,3725,4401
160,2011-06-09,Summer,2011,Jun,No,Thu,Yes,Cloudy,33.141653,37.87895,56.833299999999994,10.042161,563,3352,3915
161,2011-06-10,Summer,2011,Jun,No,Fri,Yes,Clear,30.955000000000002,35.1646,60.5,9.417118,815,3771,4586
162,2011-06-11,Summer,2011,Jun,No,Sat,No,Clear,29.724999999999998,33.901900000000005,65.45830000000001,10.374949999999998,1729,3237,4966
163,2011-06-12,Summer,2011,Jun,No,Sun,No,Clear,28.392500000000002,32.166250000000005,74.7917,10.958988999999999,1467,2993,4460
164,2011-06-13,Summer,2011,Jun,No,Mon,Yes,Clear,26.035,30.082700000000003,49.4583,20.45845,863,4157,5020
165,2011-06-14,Summer,2011,Jun,No,Tue,Yes,Clear,24.770847,29.5773,50.708299999999994,18.041961,727,4164,4891
166,2011-06-15,Summer,2011,Jun,No,Wed,Yes,Clear,25.693347,29.3877,47.1667,11.250104,769,4411,5180
167,2011-06-16,Summer,2011,Jun,No,Thu,Yes,Cloudy,25.761653000000003,29.767300000000002,68.8333,13.833556999999999,545,3222,3767
168,2011-06-17,Summer,2011,Jun,No,Fri,Yes,Clear,26.615847000000002,30.01915,73.5833,9.582942999999998,863,3981,4844
169,2011-06-18,Summer,2011,Jun,No,Sat,No,Clear,28.563347,32.197700000000005,67.0417,8.000336,1807,3312,5119
170,2011-06-19,Summer,2011,Jun,No,Sun,No,Cloudy,28.665847,32.292300000000004,66.6667,6.834,1639,3105,4744
171,2011-06-20,Summer,2011,Jun,No,Mon,Yes,Cloudy,26.035,29.767300000000002,74.625,10.416825,699,3311,4010
172,2011-06-21,Fall,2011,Jun,No,Tue,Yes,Cloudy,27.914153000000002,31.8823,77.0417,11.458675000000001,774,4061,4835
173,2011-06-22,Fall,2011,Jun,No,Wed,Yes,Clear,30.066653000000002,34.69145,70.75,11.541554,661,3846,4507
174,2011-06-23,Fall,2011,Jun,No,Thu,Yes,Cloudy,29.861653,34.69165,70.3333,15.999868,746,4044,4790
175,2011-06-24,Fall,2011,Jun,No,Fri,Yes,Clear,29.690847,32.82915,57.3333,14.875675,969,4022,4991
176,2011-06-25,Fall,2011,Jun,No,Sat,No,Clear,28.494999999999997,32.16565,48.3333,14.041257,1782,3420,5202
177,2011-06-26,Fall,2011,Jun,No,Sun,No,Clear,27.880000000000003,31.88145,51.3333,6.3337311,1920,3385,5305
178,2011-06-27,Fall,2011,Jun,No,Mon,Yes,Cloudy,27.982499999999998,31.8502,65.8333,7.2083960000000005,854,3854,4708
179,2011-06-28,Fall,2011,Jun,No,Tue,Yes,Clear,30.510847000000002,34.6279,63.416700000000006,9.666960999999999,732,3916,4648
180,2011-06-29,Fall,2011,Jun,No,Wed,Yes,Clear,29.861653,32.7344,49.7917,17.542007,848,4377,5225
181,2011-06-30,Fall,2011,Jun,No,Thu,Yes,Clear,28.563347,31.8504,43.416700000000006,12.415904000000001,1027,4488,5515
182,2011-07-01,Fall,2011,Jul,No,Fri,Yes,Clear,29.622500000000002,32.6081,39.625,6.874736,1246,4116,5362
183,2011-07-02,Fall,2011,Jul,No,Sat,No,Clear,30.271653,33.3654,44.4583,7.709154,2204,2915,5119
184,2011-07-03,Fall,2011,Jul,No,Sun,No,Cloudy,29.383347,33.42875,68.25,15.333486,2282,2367,4649
185,2011-07-04,Fall,2011,Jul,Yes,Mon,No,Cloudy,29.793346999999997,33.27085,63.7917,5.4591064000000005,3065,2978,6043
186,2011-07-05,Fall,2011,Jul,No,Tue,Yes,Clear,30.613346999999997,34.816900000000004,59.0417,8.459286,1031,3634,4665
187,2011-07-06,Fall,2011,Jul,No,Wed,Yes,Clear,29.52,34.28165,74.33330000000001,10.042161,784,3845,4629
188,2011-07-07,Fall,2011,Jul,No,Thu,Yes,Clear,30.75,34.34355,65.125,10.666400000000001,754,3838,4592
189,2011-07-08,Fall,2011,Jul,No,Fri,Yes,Cloudy,29.075847,33.524150000000006,75.79169999999999,15.083643,692,3348,4040
190,2011-07-09,Fall,2011,Jul,No,Sat,No,Clear,30.066653000000002,33.2079,60.9167,11.250104,1988,3348,5336
191,2011-07-10,Fall,2011,Jul,No,Sun,No,Clear,30.6475,34.50125,57.8333,12.292557,1743,3138,4881
192,2011-07-11,Fall,2011,Jul,No,Mon,Yes,Clear,31.2625,36.4902,63.5833,18.916579,723,3363,4086
193,2011-07-12,Fall,2011,Jul,No,Tue,Yes,Clear,32.560846999999995,36.96375,55.9167,13.417017999999999,662,3596,4258
194,2011-07-13,Fall,2011,Jul,No,Wed,Yes,Clear,30.613346999999997,34.4702,63.1667,9.790911000000001,748,3594,4342
195,2011-07-14,Fall,2011,Jul,No,Thu,Yes,Clear,27.914153000000002,31.7552,47.625,16.124689,888,4196,5084
196,2011-07-15,Fall,2011,Jul,No,Fri,Yes,Clear,27.196652999999998,31.21855,59.12500000000001,12.249811,1318,4220,5538
197,2011-07-16,Fall,2011,Jul,No,Sat,No,Clear,28.153347,31.91315,58.5,13.958914,2418,3505,5923
198,2011-07-17,Fall,2011,Jul,No,Sun,No,Clear,29.485847,33.49165,60.4167,16.417211,2006,3296,5302
199,2011-07-18,Fall,2011,Jul,No,Mon,Yes,Clear,30.613346999999997,35.19625,65.125,14.458867999999999,841,3617,4458
200,2011-07-19,Fall,2011,Jul,No,Tue,Yes,Clear,31.843347,37.37395,65.0417,8.7502,752,3789,4541
201,2011-07-20,Fall,2011,Jul,No,Wed,Yes,Clear,31.501653,37.3425,70.70830000000001,7.625739,644,3688,4332
202,2011-07-21,Fall,2011,Jul,No,Thu,Yes,Cloudy,33.415,41.31855,69.125,14.875407,632,3152,3784
203,2011-07-22,Fall,2011,Jul,No,Fri,Yes,Clear,34.781653,42.0448,58.0417,8.9177,562,2825,3387
204,2011-07-23,Fall,2011,Jul,No,Sat,No,Clear,34.815847,40.214349999999996,50.0,8.791807,987,2298,3285
205,2011-07-24,Fall,2011,Jul,No,Sun,No,Clear,34.03,39.74145,55.0833,11.334456999999999,1050,2556,3606
206,2011-07-25,Fall,2011,Jul,No,Mon,Yes,Clear,30.476653000000002,36.0479,75.7083,6.0841560999999995,568,3272,3840
207,2011-07-26,Fall,2011,Jul,No,Tue,Yes,Clear,31.638347,34.84895,54.0833,13.417285999999999,750,3840,4590
208,2011-07-27,Fall,2011,Jul,No,Wed,Yes,Clear,31.775000000000002,34.53335,40.291700000000006,12.292020999999998,755,3901,4656
209,2011-07-28,Fall,2011,Jul,No,Thu,Yes,Clear,31.945847,36.995,58.3333,11.958093,606,3784,4390
210,2011-07-29,Fall,2011,Jul,No,Fri,Yes,Clear,34.371653,39.29835,54.25,11.667245999999999,670,3176,3846
211,2011-07-30,Fall,2011,Jul,No,Sat,No,Clear,32.970847,36.42685,46.5833,11.291979,1559,2916,4475
212,2011-07-31,Fall,2011,Jul,No,Sun,No,Clear,33.039153,36.4898,48.0833,11.042470999999999,1524,2778,4302
213,2011-08-01,Fall,2011,Aug,No,Mon,Yes,Clear,31.638347,35.1646,55.0833,10.500039,729,3537,4266
214,2011-08-02,Fall,2011,Aug,No,Tue,Yes,Clear,32.116653,35.35355,49.125,13.79195,801,4044,4845
215,2011-08-03,Fall,2011,Aug,No,Wed,Yes,Cloudy,29.998347,33.99685,65.75,9.084061,467,3107,3574
216,2011-08-04,Fall,2011,Aug,No,Thu,Yes,Cloudy,29.11,33.2394,75.75,13.20905,799,3777,4576
217,2011-08-05,Fall,2011,Aug,No,Fri,Yes,Clear,29.144153000000003,32.82835,63.083299999999994,12.374632,1023,3843,4866
218,2011-08-06,Fall,2011,Aug,No,Sat,No,Cloudy,29.383347,33.807700000000004,75.5,15.29275,1521,2773,4294
219,2011-08-07,Fall,2011,Aug,No,Sun,No,Clear,30.442500000000003,35.7646,75.29169999999999,13.499629,1298,2487,3785
220,2011-08-08,Fall,2011,Aug,No,Mon,Yes,Clear,31.365000000000002,35.16415,59.2083,12.875725000000001,846,3480,4326
221,2011-08-09,Fall,2011,Aug,No,Tue,Yes,Clear,31.775000000000002,36.20605,57.04169999999999,10.125107,907,3695,4602
222,2011-08-10,Fall,2011,Aug,No,Wed,Yes,Clear,31.433346999999998,34.24915,42.4167,13.417285999999999,884,3896,4780
223,2011-08-11,Fall,2011,Aug,No,Thu,Yes,Clear,29.4175,32.57605,42.375,11.041332,812,3980,4792
224,2011-08-12,Fall,2011,Aug,No,Fri,Yes,Clear,29.041653,32.7021,41.5,8.416607,1051,3854,4905
225,2011-08-13,Fall,2011,Aug,No,Sat,No,Cloudy,28.119153,32.2929,72.9583,14.167418,1504,2646,4150
226,2011-08-14,Fall,2011,Aug,No,Sun,No,Cloudy,27.743347,31.219400000000004,81.75,14.916411,1338,2482,3820
227,2011-08-15,Fall,2011,Aug,No,Mon,Yes,Clear,27.299153,30.80835,71.20830000000001,13.999918,775,3563,4338
228,2011-08-16,Fall,2011,Aug,No,Tue,Yes,Clear,28.734153000000003,32.29185,57.8333,15.834043000000001,721,4004,4725
229,2011-08-17,Fall,2011,Aug,No,Wed,Yes,Clear,29.656653,33.33355,57.5417,9.625689,668,4026,4694
230,2011-08-18,Fall,2011,Aug,No,Thu,Yes,Clear,29.178347000000002,33.1129,65.45830000000001,15.624936,639,3166,3805
231,2011-08-19,Fall,2011,Aug,No,Fri,Yes,Cloudy,28.085,31.661050000000003,72.2917,9.333635999999998,797,3356,4153
232,2011-08-20,Fall,2011,Aug,No,Sat,No,Clear,28.5975,32.4498,67.41669999999999,6.999289,1914,3277,5191
233,2011-08-21,Fall,2011,Aug,No,Sun,No,Clear,29.144153000000003,33.776250000000005,77.0,16.666518,1249,2624,3873
234,2011-08-22,Fall,2011,Aug,No,Mon,Yes,Clear,28.358347000000002,31.9127,47.0,18.54225,833,3925,4758
235,2011-08-23,Fall,2011,Aug,No,Tue,Yes,Clear,26.274153,30.303350000000002,45.5417,9.833121,1281,4614,5895
236,2011-08-24,Fall,2011,Aug,No,Wed,Yes,Clear,27.606652999999998,31.5346,60.5,16.958236,949,4181,5130
237,2011-08-25,Fall,2011,Aug,No,Thu,Yes,Cloudy,28.050846999999997,32.2927,77.1667,14.125810999999999,435,3107,3542
238,2011-08-26,Fall,2011,Aug,No,Fri,Yes,Clear,28.7,32.98665,76.125,5.625487499999999,768,3893,4661
239,2011-08-27,Fall,2011,Aug,No,Sat,No,Cloudy,27.880000000000003,31.7778,85.0,25.166338999999997,226,889,1115
240,2011-08-28,Fall,2011,Aug,No,Sun,No,Clear,28.989418999999998,32.397949999999994,56.1765,20.412153,1415,2919,4334
241,2011-08-29,Fall,2011,Aug,No,Mon,Yes,Clear,26.103347,30.3979,55.45830000000001,10.708275,729,3905,4634
242,2011-08-30,Fall,2011,Aug,No,Tue,Yes,Clear,26.205847000000002,29.7352,54.833299999999994,8.375536,775,4429,5204
243,2011-08-31,Fall,2011,Aug,No,Wed,Yes,Clear,26.923347,30.556050000000003,59.791700000000006,5.5833311,688,4370,5058
244,2011-09-01,Fall,2011,Sep,No,Thu,Yes,Clear,26.855,30.746050000000004,63.916700000000006,9.500332,783,4332,5115
245,2011-09-02,Fall,2011,Sep,No,Fri,Yes,Cloudy,26.376653,30.2404,72.70830000000001,9.375243,875,3852,4727
246,2011-09-03,Fall,2011,Sep,No,Sat,No,Clear,27.435847,31.66065,71.6667,12.416775,1935,2549,4484
247,2011-09-04,Fall,2011,Sep,No,Sun,No,Clear,29.075847,33.27145,74.20830000000001,13.833289,2521,2419,4940
248,2011-09-05,Fall,2011,Sep,Yes,Mon,No,Cloudy,27.606652999999998,31.282300000000003,79.0417,14.250632,1236,2115,3351
249,2011-09-06,Fall,2011,Sep,No,Tue,Yes,Light_rain,22.14,25.759999999999998,88.6957,23.044181,204,2506,2710
250,2011-09-07,Fall,2011,Sep,No,Wed,Yes,Light_rain,24.565847,27.21145,91.7083,6.500393600000001,118,1878,1996
251,2011-09-08,Fall,2011,Sep,No,Thu,Yes,Light_rain,25.990433,27.76805,93.9565,12.914116,153,1689,1842
252,2011-09-09,Fall,2011,Sep,No,Fri,Yes,Cloudy,26.650000000000002,28.9473,89.79169999999999,8.333393000000001,417,3127,3544
253,2011-09-10,Fall,2011,Sep,No,Sat,No,Clear,27.060000000000002,30.3981,75.375,10.291736,1750,3595,5345
254,2011-09-11,Fall,2011,Sep,No,Sun,No,Clear,26.786653,30.46145,71.375,7.708618,1633,3413,5046
255,2011-09-12,Fall,2011,Sep,No,Mon,Yes,Clear,26.418268,30.106500000000004,69.2174,5.957171000000001,690,4023,4713
256,2011-09-13,Fall,2011,Sep,No,Tue,Yes,Clear,26.684153,30.1777,71.25,9.500868,701,4062,4763
257,2011-09-14,Fall,2011,Sep,No,Wed,Yes,Clear,27.606652999999998,31.345,69.7083,11.2091,647,4138,4785
258,2011-09-15,Fall,2011,Sep,No,Thu,Yes,Cloudy,23.677500000000002,27.68355,70.9167,18.166782,428,3231,3659
259,2011-09-16,Fall,2011,Sep,No,Fri,Yes,Cloudy,19.235847,23.07375,59.0417,11.000261,742,4018,4760
260,2011-09-17,Fall,2011,Sep,No,Sat,No,Cloudy,20.158347,23.9256,71.8333,12.708225,1434,3077,4511
261,2011-09-18,Fall,2011,Sep,No,Sun,No,Clear,20.807499999999997,24.52685,69.5,11.958361,1353,2921,4274
262,2011-09-19,Fall,2011,Sep,No,Mon,Yes,Cloudy,22.515846999999997,26.48375,69.0,10.166713999999999,691,3848,4539
263,2011-09-20,Fall,2011,Sep,No,Tue,Yes,Cloudy,23.028347,26.610850000000003,88.125,9.041917999999999,438,3203,3641
264,2011-09-21,Fall,2011,Sep,No,Wed,Yes,Cloudy,24.395,27.526650000000004,90.0,6.4590814,539,3813,4352
265,2011-09-22,Fall,2011,Sep,No,Thu,Yes,Cloudy,25.761653000000003,27.74815,90.2083,8.584375,555,4240,4795
266,2011-09-23,Winter,2011,Sep,No,Fri,Yes,Cloudy,24.975847,26.106249999999996,97.25,5.2505689,258,2137,2395
267,2011-09-24,Winter,2011,Sep,No,Sat,No,Cloudy,24.873347,28.2206,86.25,5.2516811,1776,3647,5423
268,2011-09-25,Winter,2011,Sep,No,Sun,No,Cloudy,26.000847,28.631849999999996,84.5,3.3754064,1544,3466,5010
269,2011-09-26,Winter,2011,Sep,No,Mon,Yes,Cloudy,26.615847000000002,29.452099999999998,84.8333,7.4169,684,3946,4630
270,2011-09-27,Winter,2011,Sep,No,Tue,Yes,Cloudy,26.103347,28.726249999999997,88.5417,7.917457,477,3643,4120
271,2011-09-28,Winter,2011,Sep,No,Wed,Yes,Cloudy,26.035,28.757899999999996,84.875,9.958143000000002,480,3427,3907
272,2011-09-29,Winter,2011,Sep,No,Thu,Yes,Clear,25.283347,28.7256,69.91669999999999,11.583161,653,4186,4839
273,2011-09-30,Winter,2011,Sep,No,Fri,Yes,Clear,23.130847,27.24145,64.75,13.833825,830,4372,5202
274,2011-10-01,Winter,2011,Oct,No,Sat,No,Cloudy,16.81,20.64315,75.375,19.583832,480,1949,2429
275,2011-10-02,Winter,2011,Oct,No,Sun,No,Cloudy,14.623347,17.26585,79.1667,14.874870999999999,616,2302,2918
276,2011-10-03,Winter,2011,Oct,No,Mon,Yes,Cloudy,15.750846999999998,19.6023,76.0833,5.5841686,330,3240,3570
277,2011-10-04,Winter,2011,Oct,No,Tue,Yes,Clear,19.850847,23.6429,71.0,13.792218,486,3970,4456
278,2011-10-05,Winter,2011,Oct,No,Wed,Yes,Clear,22.071652999999998,26.3569,64.79169999999999,11.87575,559,4267,4826
279,2011-10-06,Winter,2011,Oct,No,Thu,Yes,Clear,20.260847000000002,24.02125,62.083299999999994,9.041917999999999,639,4126,4765
280,2011-10-07,Winter,2011,Oct,No,Fri,Yes,Clear,20.944153,25.2202,68.41669999999999,1.5002439,949,4036,4985
281,2011-10-08,Winter,2011,Oct,No,Sat,No,Clear,21.388347,25.6621,70.125,3.0420814,2235,3174,5409
282,2011-10-09,Winter,2011,Oct,No,Sun,No,Clear,22.174153,26.19915,72.75,4.251150000000001,2397,3114,5511
283,2011-10-10,Winter,2011,Oct,Yes,Mon,No,Clear,23.404153,27.14625,73.375,2.8343814,1514,3603,5117
284,2011-10-11,Winter,2011,Oct,No,Tue,Yes,Cloudy,23.233347000000002,27.3048,80.875,9.583814,667,3896,4563
285,2011-10-12,Winter,2011,Oct,No,Wed,Yes,Light_rain,22.276653,25.885849999999998,90.625,16.62605,217,2199,2416
286,2011-10-13,Winter,2011,Oct,No,Thu,Yes,Cloudy,24.155847,27.5902,89.6667,9.499729,290,2623,2913
287,2011-10-14,Winter,2011,Oct,No,Fri,Yes,Cloudy,22.584153,26.48375,71.625,15.000161,529,3115,3644
288,2011-10-15,Winter,2011,Oct,No,Sat,No,Clear,20.773346999999998,24.936249999999998,48.3333,17.291561,1899,3318,5217
289,2011-10-16,Winter,2011,Oct,No,Sun,No,Clear,20.978347,25.1577,48.6667,18.875039,1748,3293,5041
290,2011-10-17,Winter,2011,Oct,No,Mon,Yes,Clear,21.900847,25.53625,57.958299999999994,11.750393,713,3857,4570
291,2011-10-18,Winter,2011,Oct,No,Tue,Yes,Cloudy,21.8325,26.13605,70.1667,7.375829,637,4111,4748
292,2011-10-19,Winter,2011,Oct,No,Wed,Yes,Light_rain,22.211299,25.6924,89.52170000000001,16.303713,254,2170,2424
293,2011-10-20,Winter,2011,Oct,No,Thu,Yes,Clear,19.509153,23.32625,63.625,28.292425,471,3724,4195
294,2011-10-21,Winter,2011,Oct,No,Fri,Yes,Clear,17.5275,21.1798,57.4167,14.833532,676,3628,4304
295,2011-10-22,Winter,2011,Oct,No,Sat,No,Clear,17.322499999999998,21.2746,62.916700000000006,6.2086689,1499,2809,4308
296,2011-10-23,Winter,2011,Oct,No,Sun,No,Clear,17.288347,21.11665,74.125,6.6673375,1619,2762,4381
297,2011-10-24,Winter,2011,Oct,No,Mon,Yes,Clear,18.996653,22.85335,77.2083,7.959064,699,3488,4187
298,2011-10-25,Winter,2011,Oct,No,Tue,Yes,Clear,19.338347,23.16875,62.291700000000006,11.166086,695,3992,4687
299,2011-10-26,Winter,2011,Oct,No,Wed,Yes,Cloudy,19.850847,23.6423,72.04169999999999,9.959014,404,3490,3894
300,2011-10-27,Winter,2011,Oct,No,Thu,Yes,Cloudy,19.27,22.8523,81.2917,13.250121,240,2419,2659
301,2011-10-28,Winter,2011,Oct,No,Fri,Yes,Cloudy,13.564153,15.9406,58.58330000000001,15.375093,456,3291,3747
302,2011-10-29,Winter,2011,Oct,No,Sat,No,Light_rain,10.420846999999998,11.39565,88.25,23.541857,57,570,627
303,2011-10-30,Winter,2011,Oct,No,Sun,No,Clear,13.085847,16.06645,62.375,11.833339,885,2446,3331
304,2011-10-31,Winter,2011,Oct,No,Mon,Yes,Clear,13.940000000000001,17.803150000000002,70.3333,7.12545,362,3307,3669
305,2011-11-01,Winter,2011,Nov,No,Tue,Yes,Clear,16.434153,19.8544,68.375,9.083257,410,3658,4068
306,2011-11-02,Winter,2011,Nov,No,Wed,Yes,Clear,15.477500000000001,19.50665,71.875,5.5001439,370,3816,4186
307,2011-11-03,Winter,2011,Nov,No,Thu,Yes,Clear,16.741653,20.296049999999997,70.20830000000001,9.166739,318,3656,3974
308,2011-11-04,Winter,2011,Nov,No,Fri,Yes,Cloudy,16.536653,20.1696,62.25000000000001,18.209193,470,3576,4046
309,2011-11-05,Winter,2011,Nov,No,Sat,No,Clear,13.393346999999999,16.1927,51.916700000000006,12.667154,1156,2770,3926
310,2011-11-06,Winter,2011,Nov,No,Sun,No,Clear,14.281653,18.117900000000002,73.4583,6.1676314,952,2697,3649
311,2011-11-07,Winter,2011,Nov,No,Mon,Yes,Clear,16.195,20.04355,75.875,3.834075,373,3662,4035
312,2011-11-08,Winter,2011,Nov,No,Tue,Yes,Clear,16.741653,20.6123,72.16669999999999,4.6255125,376,3829,4205
313,2011-11-09,Winter,2011,Nov,No,Wed,Yes,Clear,16.400000000000002,20.453950000000003,75.83330000000001,4.1671186,305,3804,4109
314,2011-11-10,Winter,2011,Nov,No,Thu,Yes,Cloudy,15.58,18.68605,81.3333,12.667489000000002,190,2743,2933
315,2011-11-11,Winter,2011,Nov,Yes,Fri,No,Clear,13.290847,15.34085,44.625,21.083225,440,2928,3368
316,2011-11-12,Winter,2011,Nov,No,Sat,No,Clear,14.623347,17.8971,55.2917,14.208154,1275,2792,4067
317,2011-11-13,Winter,2011,Nov,No,Sun,No,Clear,18.074153,21.5275,45.8333,18.875307,1004,2713,3717
318,2011-11-14,Winter,2011,Nov,No,Mon,Yes,Clear,21.73,26.2306,58.7083,20.541932,595,3891,4486
319,2011-11-15,Winter,2011,Nov,No,Tue,Yes,Cloudy,21.73,25.37895,68.875,13.375411,449,3746,4195
320,2011-11-16,Winter,2011,Nov,No,Wed,Yes,Light_rain,18.723347,22.5994,93.0,9.167543,145,1672,1817
321,2011-11-17,Winter,2011,Nov,No,Thu,Yes,Cloudy,14.008347,16.16105,57.5833,20.459254,139,2914,3053
322,2011-11-18,Winter,2011,Nov,No,Fri,Yes,Clear,11.240847,13.63605,41.0,11.291711,245,3147,3392
323,2011-11-19,Winter,2011,Nov,No,Sat,No,Clear,13.495847,16.22415,50.208299999999994,15.041232,943,2720,3663
324,2011-11-20,Winter,2011,Nov,No,Sun,No,Cloudy,18.996653,22.8529,68.45830000000001,12.45865,787,2733,3520
325,2011-11-21,Winter,2011,Nov,No,Mon,Yes,Light_rain,18.3475,22.2531,91.0,9.249618,220,2545,2765
326,2011-11-22,Winter,2011,Nov,No,Tue,Yes,Light_rain,17.083347,21.0848,96.25,7.959064,69,1538,1607
327,2011-11-23,Winter,2011,Nov,No,Wed,Yes,Cloudy,18.074153,21.52685,75.79169999999999,22.500275,112,2454,2566
328,2011-11-24,Winter,2011,Nov,Yes,Thu,No,Clear,15.306653,18.62355,54.9167,11.209368000000001,560,935,1495
329,2011-11-25,Winter,2011,Nov,No,Fri,Yes,Clear,15.375,19.033549999999998,64.375,6.6260186,1095,1697,2792
330,2011-11-26,Winter,2011,Nov,No,Sat,No,Clear,15.409152999999998,19.254350000000002,68.1667,4.5841936,1249,1819,3068
331,2011-11-27,Winter,2011,Nov,No,Sun,No,Clear,18.825847,22.79,69.8333,13.999918,810,2261,3071
332,2011-11-28,Winter,2011,Nov,No,Mon,Yes,Clear,20.642598,24.5061,74.3043,9.522174,253,3614,3867
333,2011-11-29,Winter,2011,Nov,No,Tue,Yes,Cloudy,18.791653,22.56875,83.08330000000001,17.292164,96,2818,2914
334,2011-11-30,Winter,2011,Nov,No,Wed,Yes,Clear,13.325000000000001,15.561050000000002,61.3333,18.167586,188,3425,3613
335,2011-12-01,Winter,2011,Dec,No,Thu,Yes,Clear,12.8125,15.2777,52.4583,14.750586,182,3545,3727
336,2011-12-02,Winter,2011,Dec,No,Fri,Yes,Clear,12.880847,16.571649999999998,62.583299999999994,6.750518,268,3672,3940
337,2011-12-03,Winter,2011,Dec,No,Sat,No,Clear,12.265847,15.530199999999999,61.291700000000006,6.4174811,706,2908,3614
338,2011-12-04,Winter,2011,Dec,No,Sun,No,Clear,13.564153,17.455000000000002,77.5833,5.6252061,634,2851,3485
339,2011-12-05,Winter,2011,Dec,No,Mon,Yes,Cloudy,15.819153,19.696250000000003,82.70830000000001,4.1679561000000005,233,3578,3811
340,2011-12-06,Winter,2011,Dec,No,Tue,Yes,Light_rain,18.962500000000002,22.82,94.9583,15.583061,126,2468,2594
341,2011-12-07,Winter,2011,Dec,No,Wed,Yes,Light_rain,16.81,20.0123,97.04169999999999,17.833725,50,655,705
342,2011-12-08,Winter,2011,Dec,No,Thu,Yes,Clear,10.899153,12.8469,57.99999999999999,16.083886,150,3172,3322
343,2011-12-09,Winter,2011,Dec,No,Fri,Yes,Clear,11.924153,15.877099999999999,69.58330000000001,5.5420189,261,3359,3620
344,2011-12-10,Winter,2011,Dec,No,Sat,No,Clear,11.275,13.320599999999999,50.74999999999999,15.625807,502,2688,3190
345,2011-12-11,Winter,2011,Dec,No,Sun,No,Clear,9.054153,12.6577,49.0,4.458293899999999,377,2366,2743
346,2011-12-12,Winter,2011,Dec,No,Mon,Yes,Clear,9.771652999999999,13.5098,67.08330000000001,4.251150000000001,143,3167,3310
347,2011-12-13,Winter,2011,Dec,No,Tue,Yes,Clear,11.5825,15.0569,59.0,9.41685,155,3368,3523
348,2011-12-14,Winter,2011,Dec,No,Wed,Yes,Cloudy,13.0175,16.9181,66.375,4.0842061,178,3562,3740
349,2011-12-15,Winter,2011,Dec,No,Thu,Yes,Cloudy,17.322499999999998,20.61185,63.416700000000006,17.958814,181,3528,3709
350,2011-12-16,Winter,2011,Dec,No,Fri,Yes,Cloudy,15.375,17.99125,50.0417,17.458525,178,3399,3577
351,2011-12-17,Winter,2011,Dec,No,Sat,No,Cloudy,10.591652999999999,12.46855,56.0833,16.292189,275,2464,2739
352,2011-12-18,Winter,2011,Dec,No,Sun,No,Clear,9.771652999999999,12.27895,58.62500000000001,11.375193000000001,220,2211,2431
353,2011-12-19,Winter,2011,Dec,No,Mon,Yes,Clear,11.343347,14.04665,63.74999999999999,11.584031999999999,260,3143,3403
354,2011-12-20,Winter,2011,Dec,No,Tue,Yes,Cloudy,15.819153,19.822699999999998,59.5417,4.1252436,216,3534,3750
355,2011-12-21,Spring,2011,Dec,No,Wed,Yes,Cloudy,17.561653,21.40085,85.83330000000001,14.8338,107,2553,2660
356,2011-12-22,Spring,2011,Dec,No,Thu,Yes,Cloudy,17.356653,21.306050000000003,75.75,3.1674249999999997,227,2841,3068
357,2011-12-23,Spring,2011,Dec,No,Fri,Yes,Clear,15.306653,18.87565,68.625,18.374482,163,2046,2209
358,2011-12-24,Spring,2011,Dec,No,Sat,No,Clear,12.4025,14.9621,54.25,12.750368,155,856,1011
359,2011-12-25,Spring,2011,Dec,No,Sun,No,Clear,11.266103,13.998050000000001,68.13040000000001,10.391097,303,451,754
360,2011-12-26,Spring,2011,Dec,Yes,Mon,No,Clear,13.191299,15.77675,50.6957,16.044155,430,887,1317
361,2011-12-27,Spring,2011,Dec,No,Tue,Yes,Cloudy,13.325000000000001,16.38165,76.25,12.62615,103,1059,1162
362,2011-12-28,Spring,2011,Dec,No,Wed,Yes,Clear,12.264330000000001,13.9987,50.39130000000001,19.695386999999997,255,2047,2302
363,2011-12-29,Spring,2011,Dec,No,Thu,Yes,Clear,10.181653,13.194600000000001,57.4167,8.000604000000001,254,2169,2423
364,2011-12-30,Spring,2011,Dec,No,Fri,Yes,Clear,12.778347000000002,15.9406,63.6667,9.000579,491,2508,2999
365,2011-12-31,Spring,2011,Dec,No,Sat,No,Clear,16.81,20.70605,61.583299999999994,14.750318,665,1820,2485
